-- phpMyAdmin SQL Dump
-- version 5.2.1
-- https://www.phpmyadmin.net/
--
-- Servidor: localhost:3306
-- Tiempo de generación: 07-12-2024 a las 01:00:06
-- Versión del servidor: 8.0.30
-- Versión de PHP: 8.2.19

SET SQL_MODE = "NO_AUTO_VALUE_ON_ZERO";
START TRANSACTION;
SET time_zone = "+00:00";


/*!40101 SET @OLD_CHARACTER_SET_CLIENT=@@CHARACTER_SET_CLIENT */;
/*!40101 SET @OLD_CHARACTER_SET_RESULTS=@@CHARACTER_SET_RESULTS */;
/*!40101 SET @OLD_COLLATION_CONNECTION=@@COLLATION_CONNECTION */;
/*!40101 SET NAMES utf8mb4 */;

--
-- Base de datos: `quimicos`
--
CREATE DATABASE IF NOT EXISTS `quimicos` DEFAULT CHARACTER SET utf8mb4 COLLATE utf8mb4_0900_ai_ci;
USE `quimicos`;

-- --------------------------------------------------------

--
-- Estructura de tabla para la tabla `cache`
--

CREATE TABLE `cache` (
  `key` varchar(255) COLLATE utf8mb4_unicode_ci NOT NULL,
  `value` mediumtext COLLATE utf8mb4_unicode_ci NOT NULL,
  `expiration` int NOT NULL
) ENGINE=InnoDB DEFAULT CHARSET=utf8mb4 COLLATE=utf8mb4_unicode_ci;

-- --------------------------------------------------------

--
-- Estructura de tabla para la tabla `cache_locks`
--

CREATE TABLE `cache_locks` (
  `key` varchar(255) COLLATE utf8mb4_unicode_ci NOT NULL,
  `owner` varchar(255) COLLATE utf8mb4_unicode_ci NOT NULL,
  `expiration` int NOT NULL
) ENGINE=InnoDB DEFAULT CHARSET=utf8mb4 COLLATE=utf8mb4_unicode_ci;

-- --------------------------------------------------------

--
-- Estructura de tabla para la tabla `categorias`
--

CREATE TABLE `categorias` (
  `id` bigint UNSIGNED NOT NULL,
  `categoria` varchar(512) DEFAULT NULL,
  `created_at` timestamp NOT NULL DEFAULT CURRENT_TIMESTAMP,
  `updated_at` timestamp NOT NULL DEFAULT CURRENT_TIMESTAMP ON UPDATE CURRENT_TIMESTAMP
) ENGINE=InnoDB DEFAULT CHARSET=utf8mb4 COLLATE=utf8mb4_0900_ai_ci;

--
-- Volcado de datos para la tabla `categorias`
--

INSERT INTO `categorias` (`id`, `categoria`, `created_at`, `updated_at`) VALUES
(1, 'Fondo', '2024-11-30 03:30:46', '2024-11-30 03:36:10'),
(2, 'Pintura', '2024-11-30 03:30:46', '2024-11-30 03:36:10'),
(3, 'Pegamento', '2024-11-30 03:30:46', '2024-11-30 03:36:10'),
(4, 'Varios', '2024-11-30 03:30:46', '2024-11-30 03:36:10'),
(5, 'Solventes', '2024-11-30 03:30:46', '2024-11-30 03:36:10'),
(6, 'Sellador', '2024-11-30 03:30:46', '2024-11-30 03:36:10'),
(7, 'Laca', '2024-11-30 03:30:46', '2024-11-30 03:36:10'),
(8, 'Barnices', '2024-11-30 03:30:46', '2024-11-30 03:36:10'),
(9, 'Tintas', '2024-11-30 03:30:46', '2024-11-30 03:39:19');

-- --------------------------------------------------------

--
-- Estructura de tabla para la tabla `clientes`
--

CREATE TABLE `clientes` (
  `id` bigint UNSIGNED NOT NULL,
  `cliente` varchar(512) DEFAULT NULL,
  `rif` varchar(512) DEFAULT NULL,
  `grupo_cliente` varchar(512) DEFAULT NULL
) ENGINE=InnoDB DEFAULT CHARSET=utf8mb4 COLLATE=utf8mb4_0900_ai_ci;

--
-- Volcado de datos para la tabla `clientes`
--

INSERT INTO `clientes` (`id`, `cliente`, `rif`, `grupo_cliente`) VALUES
(1, 'ABIKAR 2017, C.A.', 'J409185796', 'Comercial'),
(2, 'ACCESORIOS Y MATERIALES ITALICA C.A.', 'J299974498', 'Comercial'),
(3, 'ACRILICOS PUERTO CABELLO, C. A', 'J075183290', 'Comercial'),
(4, 'ASERRADERO ESANOS, C.A', 'J298250119', 'Comercial'),
(5, 'AUTO  PINTURAS C.A', 'J090060642', 'Comercial'),
(6, 'COMERCIALIZADORA CATALDY 2012 CA', 'J400823854', 'Comercial'),
(7, 'CONSTRUMARKET C.A.', 'J315455110', 'Comercial'),
(8, 'DARWIN JOSE ROJAS ARCHILA (GAMA COLORES ROJAS)', 'V247430136', 'Comercial'),
(9, 'DIRECCION GENERAL DE ARMAS Y EXPLOSIVOS - 1', 'G200101440', 'Gubernamental'),
(10, 'DISTRIBUIDORA COMFRIO 2021, C A', 'J501712891', 'Comercial'),
(11, 'DISTRIBUIDORA FERREAGIL C.A (SUCURSAL)', 'J411165913', 'Comercial'),
(12, 'DISTRIBUIDORA FERREAGIL, C.A.', 'J411165913', 'Comercial'),
(13, 'DOMINGUEZ & CIA, S.A.', 'J001169385', 'Otros'),
(14, 'ELECTRICA 2003 C.A.', 'J310976317', 'Comercial'),
(15, 'ENCHAPADOS UNION,C.A', 'J307697431', 'Comercial'),
(16, 'FABRICA DE CALZADOS ARPINOVA, C.A.', 'J303981682', 'Comercial'),
(17, 'FERREACRIL RODRIALBA, C.A', 'J501915016', 'Comercial'),
(18, 'FERREFLORICOLOR,  C.A', 'J317634985', 'Comercial'),
(19, 'FERRETERIA GUGLIOTTA, C.A', 'J085039899', 'Comercial'),
(20, 'FRYGANAS Y ASOCIADOS C.A.', 'J001237380', 'Comercial'),
(21, 'INVERSIONES 2G 2015,C.A.', 'J405972688', 'Comercial'),
(22, 'INVERSIONES FERDIVIN, C.A', 'J401299709', 'Comercial'),
(23, 'JORGE JOSE ROJAS MORA', 'V120491926', 'Comercial'),
(24, 'JOSE IGNACIO RAMIREZ ORTIZ (ACRILICOS MARANATA)', 'V150279352', 'Comercial'),
(25, 'JOSE YOEL PEREZ ALVIAREZ (DIST. LA FUENTE DE OCCIDENTE)', 'V105071678', 'Individual'),
(26, 'LUIS MIGUEL GONZALEZ GUERRA', 'V162205656', 'Comercial'),
(27, 'MADERAS DEL NORTE MADENOR C.A', 'J313317080', 'Comercial'),
(28, 'MADERAS IMECA C.A.', 'J075102266', 'Comercial'),
(29, 'MADERERA IMECA OCCIDENTE, C.A', 'J300631427', 'Comercial'),
(30, 'MADERERA SAN VICENTE, C.A.', 'J090012761', 'Comercial'),
(31, 'MADERERA UPATA C.A', 'J001576398', 'Comercial'),
(32, 'MATERIALES CONSTRUPALMARCA, C.A', 'J311172335', 'Comercial'),
(33, 'MERVEQUIM COMPAÑIA ANONIMA', 'J299398900', 'Otros'),
(34, 'MULTILAC, C.A.', 'J301570375', 'Comercial'),
(35, 'PINTURAS LEBRUN V.P.S., C.A.', 'J403763895', 'Comercial'),
(36, 'PINTURAS Y COLORES DE CARABOBO, C.A.', 'J299956910', 'Comercial'),
(37, 'QUIMICAS VICTORIA, C.A.', 'J001242139', 'Industrial'),
(38, 'REPRESENTACIONES JIRET FERRAYCA C.A REJIFERCA', 'J314346644', 'Comercial'),
(39, 'SOLARI C.A. (SOLARICA)', 'J308807877', 'Comercial'),
(40, 'TECNOCOLOR AVILA 2000 C.A.', 'J305835250', 'Comercial'),
(41, 'TELAS LISBOA, C.A', 'J303137130', 'Comercial'),
(42, 'TRANSPORTE 2027 C.A.', 'J306581499', 'Otros'),
(43, 'W&J SUPPLY NAUTICA, C.A', 'J502248994', 'Comercial');

-- --------------------------------------------------------

--
-- Estructura de tabla para la tabla `failed_jobs`
--

CREATE TABLE `failed_jobs` (
  `id` bigint UNSIGNED NOT NULL,
  `uuid` varchar(255) COLLATE utf8mb4_unicode_ci NOT NULL,
  `connection` text COLLATE utf8mb4_unicode_ci NOT NULL,
  `queue` text COLLATE utf8mb4_unicode_ci NOT NULL,
  `payload` longtext COLLATE utf8mb4_unicode_ci NOT NULL,
  `exception` longtext COLLATE utf8mb4_unicode_ci NOT NULL,
  `failed_at` timestamp NOT NULL DEFAULT CURRENT_TIMESTAMP
) ENGINE=InnoDB DEFAULT CHARSET=utf8mb4 COLLATE=utf8mb4_unicode_ci;

-- --------------------------------------------------------

--
-- Estructura de tabla para la tabla `jobs`
--

CREATE TABLE `jobs` (
  `id` bigint UNSIGNED NOT NULL,
  `queue` varchar(255) COLLATE utf8mb4_unicode_ci NOT NULL,
  `payload` longtext COLLATE utf8mb4_unicode_ci NOT NULL,
  `attempts` tinyint UNSIGNED NOT NULL,
  `reserved_at` int UNSIGNED DEFAULT NULL,
  `available_at` int UNSIGNED NOT NULL,
  `created_at` int UNSIGNED NOT NULL
) ENGINE=InnoDB DEFAULT CHARSET=utf8mb4 COLLATE=utf8mb4_unicode_ci;

-- --------------------------------------------------------

--
-- Estructura de tabla para la tabla `job_batches`
--

CREATE TABLE `job_batches` (
  `id` varchar(255) COLLATE utf8mb4_unicode_ci NOT NULL,
  `name` varchar(255) COLLATE utf8mb4_unicode_ci NOT NULL,
  `total_jobs` int NOT NULL,
  `pending_jobs` int NOT NULL,
  `failed_jobs` int NOT NULL,
  `failed_job_ids` longtext COLLATE utf8mb4_unicode_ci NOT NULL,
  `options` mediumtext COLLATE utf8mb4_unicode_ci,
  `cancelled_at` int DEFAULT NULL,
  `created_at` int NOT NULL,
  `finished_at` int DEFAULT NULL
) ENGINE=InnoDB DEFAULT CHARSET=utf8mb4 COLLATE=utf8mb4_unicode_ci;

-- --------------------------------------------------------

--
-- Estructura de tabla para la tabla `migrations`
--

CREATE TABLE `migrations` (
  `id` int UNSIGNED NOT NULL,
  `migration` varchar(255) COLLATE utf8mb4_unicode_ci NOT NULL,
  `batch` int NOT NULL
) ENGINE=InnoDB DEFAULT CHARSET=utf8mb4 COLLATE=utf8mb4_unicode_ci;

--
-- Volcado de datos para la tabla `migrations`
--

INSERT INTO `migrations` (`id`, `migration`, `batch`) VALUES
(1, '0001_01_01_000000_create_users_table', 1),
(2, '0001_01_01_000001_create_cache_table', 1),
(3, '0001_01_01_000002_create_jobs_table', 1),
(4, '2024_12_06_233041_create_personal_access_tokens_table', 2);

-- --------------------------------------------------------

--
-- Estructura de tabla para la tabla `password_reset_tokens`
--

CREATE TABLE `password_reset_tokens` (
  `email` varchar(255) COLLATE utf8mb4_unicode_ci NOT NULL,
  `token` varchar(255) COLLATE utf8mb4_unicode_ci NOT NULL,
  `created_at` timestamp NULL DEFAULT NULL
) ENGINE=InnoDB DEFAULT CHARSET=utf8mb4 COLLATE=utf8mb4_unicode_ci;

-- --------------------------------------------------------

--
-- Estructura de tabla para la tabla `personal_access_tokens`
--

CREATE TABLE `personal_access_tokens` (
  `id` bigint UNSIGNED NOT NULL,
  `tokenable_type` varchar(255) COLLATE utf8mb4_unicode_ci NOT NULL,
  `tokenable_id` bigint UNSIGNED NOT NULL,
  `name` varchar(255) COLLATE utf8mb4_unicode_ci NOT NULL,
  `token` varchar(64) COLLATE utf8mb4_unicode_ci NOT NULL,
  `abilities` text COLLATE utf8mb4_unicode_ci,
  `last_used_at` timestamp NULL DEFAULT NULL,
  `expires_at` timestamp NULL DEFAULT NULL,
  `created_at` timestamp NULL DEFAULT NULL,
  `updated_at` timestamp NULL DEFAULT NULL
) ENGINE=InnoDB DEFAULT CHARSET=utf8mb4 COLLATE=utf8mb4_unicode_ci;

-- --------------------------------------------------------

--
-- Estructura de tabla para la tabla `precios`
--

CREATE TABLE `precios` (
  `id` bigint UNSIGNED NOT NULL,
  `idproducto` bigint UNSIGNED DEFAULT NULL,
  `precio` decimal(7,2) DEFAULT NULL
) ENGINE=InnoDB DEFAULT CHARSET=utf8mb4 COLLATE=utf8mb4_0900_ai_ci;

--
-- Volcado de datos para la tabla `precios`
--

INSERT INTO `precios` (`id`, `idproducto`, `precio`) VALUES
(1, 1, 21.50),
(2, 2, 119.25),
(3, 3, 129.86),
(4, 4, 15.50),
(5, 5, 20.50),
(6, 6, 100.00),
(7, 7, 18.00),
(8, 8, 5.95),
(9, 9, 80.00),
(10, 10, 5.12),
(11, 11, 14.96),
(12, 12, 100.00),
(13, 13, 10.60),
(14, 14, 21.10),
(15, 15, 6.48),
(16, 16, 44.70),
(17, 17, 11.70),
(18, 18, 22.36),
(19, 19, 22.89),
(20, 20, 7.07),
(21, 21, 23.80),
(22, 22, 7.64),
(23, 23, 34.85),
(24, 24, 9.95),
(25, 25, 37.43),
(26, 26, 34.97),
(27, 27, 45.55),
(28, 28, 46.67),
(29, 29, 12.45),
(30, 30, 46.76),
(31, 31, 29.44),
(32, 32, 44.45),
(33, 33, 12.16),
(34, 34, 3.00),
(35, 35, 840.00),
(36, 36, 97.00),
(37, 37, 870.00),
(38, 38, 7.10),
(39, 39, 2.40),
(40, 40, 42.00),
(41, 41, 360.00),
(42, 42, 13.50),
(43, 43, 850.00),
(44, 44, 11.80),
(45, 45, 3.70),
(46, 46, 54.00),
(47, 47, 496.00),
(48, 48, 10.85),
(49, 49, 51.84),
(50, 50, 481.47),
(51, 51, 7.65),
(52, 52, 3.36),
(53, 53, 16.00),
(54, 54, 32.00),
(55, 55, 48.00),
(56, 56, 64.00),
(57, 57, 80.00),
(58, 58, 96.00),
(59, 59, 112.00),
(60, 60, 128.00),
(61, 61, 144.00),
(62, 62, 160.00),
(63, 63, 176.00),
(64, 64, 192.00),
(65, 65, 208.00),
(66, 66, 224.00),
(67, 67, 240.00),
(68, 68, 256.00),
(69, 69, 272.00),
(70, 70, 288.00),
(71, 71, 304.00),
(72, 72, 320.00),
(73, 73, 336.00),
(74, 74, 352.00),
(75, 75, 3.86),
(76, 76, 14.74),
(77, 77, 272.00),
(78, 78, 6.69),
(79, 79, 16.00),
(80, 80, 3.33),
(81, 81, 204.00),
(82, 82, 220.00),
(83, 83, 42.00),
(84, 84, 200.00),
(85, 85, 216.00),
(86, 86, 232.00),
(87, 87, 12.35),
(88, 88, 51.84),
(89, 89, 3.70),
(90, 90, 54.00),
(91, 91, 12.35),
(92, 92, 204.00),
(93, 93, 220.00),
(94, 94, 21.90),
(95, 95, 200.00),
(96, 96, 216.00),
(97, 97, 232.00),
(98, 98, 24.29),
(99, 99, 3.33),
(100, 100, 12.35),
(101, 101, 204.00),
(102, 102, 220.00),
(103, 103, 42.00),
(104, 104, 22.29),
(105, 105, 17.50),
(106, 106, 187.25),
(107, 107, 21.50),
(108, 108, 119.25),
(109, 109, 129.86),
(110, 110, 15.50),
(111, 111, 20.50),
(112, 112, 100.00),
(113, 113, 18.00),
(114, 114, 5.95),
(115, 115, 80.00),
(116, 116, 5.12),
(117, 117, 14.96),
(118, 118, 100.00),
(119, 119, 10.60),
(120, 120, 21.10),
(121, 121, 6.48),
(122, 122, 44.70),
(123, 123, 11.70),
(124, 124, 22.36),
(125, 125, 22.89),
(126, 126, 7.07),
(127, 127, 23.80),
(128, 128, 7.64),
(129, 129, 34.85),
(130, 130, 9.95),
(131, 131, 37.43),
(132, 132, 34.97),
(133, 133, 45.55),
(134, 134, 46.67),
(135, 135, 12.45),
(136, 136, 46.76),
(137, 137, 29.44),
(138, 138, 44.45),
(139, 139, 12.16),
(140, 140, 3.00),
(141, 141, 840.00),
(142, 142, 97.00),
(143, 143, 870.00),
(144, 144, 7.10),
(145, 145, 2.40),
(146, 146, 42.00),
(147, 147, 360.00),
(148, 148, 13.50),
(149, 149, 850.00),
(150, 150, 11.80),
(151, 151, 3.70),
(152, 152, 54.00),
(153, 153, 496.00),
(154, 154, 10.85),
(155, 155, 51.84),
(156, 156, 481.47),
(157, 157, 7.65),
(158, 158, 3.36),
(159, 159, 16.00),
(160, 160, 32.00),
(161, 161, 48.00),
(162, 162, 64.00),
(163, 163, 80.00),
(164, 164, 96.00),
(165, 165, 112.00),
(166, 166, 128.00),
(167, 167, 144.00),
(168, 168, 160.00),
(169, 169, 176.00),
(170, 170, 192.00),
(171, 171, 208.00),
(172, 172, 224.00),
(173, 173, 240.00),
(174, 174, 256.00),
(175, 175, 272.00),
(176, 176, 288.00),
(177, 177, 304.00),
(178, 178, 320.00),
(179, 179, 336.00),
(180, 180, 352.00),
(181, 181, 3.86),
(182, 182, 14.74),
(183, 183, 272.00),
(184, 184, 6.69),
(185, 185, 16.00),
(186, 186, 3.33),
(187, 187, 204.00),
(188, 188, 220.00),
(189, 189, 42.00),
(190, 190, 200.00),
(191, 191, 216.00),
(192, 192, 232.00),
(193, 193, 12.35),
(194, 194, 51.84),
(195, 195, 3.70),
(196, 196, 54.00),
(197, 197, 12.35),
(198, 198, 204.00),
(199, 199, 220.00),
(200, 200, 21.90),
(201, 201, 200.00),
(202, 202, 216.00),
(203, 203, 232.00),
(204, 204, 24.29),
(205, 205, 3.33),
(206, 206, 12.35),
(207, 207, 204.00),
(208, 208, 220.00),
(209, 209, 42.00),
(210, 210, 22.29),
(211, 211, 17.50),
(212, 212, 187.25),
(213, 213, 21.50),
(214, 214, 119.25),
(215, 215, 129.86),
(216, 216, 15.50),
(217, 217, 20.50),
(218, 218, 100.00),
(219, 219, 18.00),
(220, 220, 5.95),
(221, 221, 80.00),
(222, 222, 5.12),
(223, 223, 14.96),
(224, 224, 100.00),
(225, 225, 10.60),
(226, 226, 21.10),
(227, 227, 6.48),
(228, 228, 44.70),
(229, 229, 11.70),
(230, 230, 22.36),
(231, 231, 22.89),
(232, 232, 7.07),
(233, 233, 23.80),
(234, 234, 7.64),
(235, 235, 34.85),
(236, 236, 9.95),
(237, 237, 37.43),
(238, 238, 34.97),
(239, 239, 45.55),
(240, 240, 46.67),
(241, 241, 12.45),
(242, 242, 46.76),
(243, 243, 29.44),
(244, 244, 44.45),
(245, 245, 12.16),
(246, 246, 3.00),
(247, 247, 840.00),
(248, 248, 97.00),
(249, 249, 870.00),
(250, 250, 7.10),
(251, 251, 2.40),
(252, 252, 42.00),
(253, 253, 360.00),
(254, 254, 13.50),
(255, 255, 850.00),
(256, 256, 11.80),
(257, 257, 3.70),
(258, 258, 54.00),
(259, 259, 496.00),
(260, 260, 10.85),
(261, 261, 51.84),
(262, 262, 481.47),
(263, 263, 7.65),
(264, 264, 3.36),
(265, 265, 16.00),
(266, 266, 32.00),
(267, 267, 48.00),
(268, 268, 64.00),
(269, 269, 80.00),
(270, 270, 96.00),
(271, 271, 112.00),
(272, 272, 128.00),
(273, 273, 144.00),
(274, 274, 160.00),
(275, 275, 176.00),
(276, 276, 192.00),
(277, 277, 208.00),
(278, 278, 224.00),
(279, 279, 240.00),
(280, 280, 256.00),
(281, 281, 272.00),
(282, 282, 288.00),
(283, 283, 304.00),
(284, 284, 320.00),
(285, 285, 336.00),
(286, 286, 352.00),
(287, 287, 3.86),
(288, 288, 14.74),
(289, 289, 272.00),
(290, 290, 6.69),
(291, 291, 16.00),
(292, 292, 3.33),
(293, 293, 204.00),
(294, 294, 220.00),
(295, 295, 42.00),
(296, 296, 200.00),
(297, 297, 216.00),
(298, 298, 232.00),
(299, 299, 12.35),
(300, 300, 51.84),
(301, 301, 3.70),
(302, 302, 54.00),
(303, 303, 12.35),
(304, 304, 204.00),
(305, 305, 220.00),
(306, 306, 21.90),
(307, 307, 200.00),
(308, 308, 216.00),
(309, 309, 232.00),
(310, 310, 24.29),
(311, 311, 3.33),
(312, 312, 12.35),
(313, 313, 204.00),
(314, 314, 220.00),
(315, 315, 42.00),
(316, 316, 22.29),
(317, 317, 17.50),
(318, 318, 187.25),
(319, 319, 21.50),
(320, 320, 119.25),
(321, 321, 129.86),
(322, 322, 15.50),
(323, 323, 20.50),
(324, 324, 100.00),
(325, 325, 18.00),
(326, 326, 5.95),
(327, 327, 80.00),
(328, 328, 5.12),
(329, 329, 14.96),
(330, 330, 100.00),
(331, 331, 10.60),
(332, 332, 21.10),
(333, 333, 6.48),
(334, 334, 44.70),
(335, 335, 11.70),
(336, 336, 22.36),
(337, 337, 22.89),
(338, 338, 7.07),
(339, 339, 23.80),
(340, 340, 7.64),
(341, 341, 34.85),
(342, 342, 9.95),
(343, 343, 37.43),
(344, 344, 34.97),
(345, 345, 45.55),
(346, 346, 46.67),
(347, 347, 12.45),
(348, 348, 46.76),
(349, 349, 29.44),
(350, 350, 44.45),
(351, 351, 12.16),
(352, 352, 3.00),
(353, 353, 840.00),
(354, 354, 97.00),
(355, 355, 870.00),
(356, 356, 7.10),
(357, 357, 2.40),
(358, 358, 42.00),
(359, 359, 360.00),
(360, 360, 13.50),
(361, 361, 850.00),
(362, 362, 11.80),
(363, 363, 3.70),
(364, 364, 54.00),
(365, 365, 496.00),
(366, 366, 10.85),
(367, 367, 51.84),
(368, 368, 481.47),
(369, 369, 7.65),
(370, 370, 3.36),
(371, 371, 16.00),
(372, 372, 32.00),
(373, 373, 48.00),
(374, 374, 64.00),
(375, 375, 80.00),
(376, 376, 96.00),
(377, 377, 112.00),
(378, 378, 128.00),
(379, 379, 144.00),
(380, 380, 160.00),
(381, 381, 176.00),
(382, 382, 192.00),
(383, 383, 208.00),
(384, 384, 224.00),
(385, 385, 240.00),
(386, 386, 256.00),
(387, 387, 272.00),
(388, 388, 288.00),
(389, 389, 304.00),
(390, 390, 320.00),
(391, 391, 336.00),
(392, 392, 352.00),
(393, 393, 3.86),
(394, 394, 14.74),
(395, 395, 272.00),
(396, 396, 6.69),
(397, 397, 16.00),
(398, 398, 3.33),
(399, 399, 204.00),
(400, 400, 220.00),
(401, 401, 42.00),
(402, 402, 200.00),
(403, 403, 216.00),
(404, 404, 232.00),
(405, 405, 12.35),
(406, 406, 51.84),
(407, 407, 3.70),
(408, 408, 54.00),
(409, 409, 12.35),
(410, 410, 204.00),
(411, 411, 220.00),
(412, 412, 21.90),
(413, 413, 200.00),
(414, 414, 216.00),
(415, 415, 232.00),
(416, 416, 24.29),
(417, 417, 3.33),
(418, 418, 12.35),
(419, 419, 204.00),
(420, 420, 220.00),
(421, 421, 42.00),
(422, 422, 22.29),
(423, 423, 17.50),
(424, 424, 187.25);

-- --------------------------------------------------------

--
-- Estructura de tabla para la tabla `productos`
--

CREATE TABLE `productos` (
  `id` bigint UNSIGNED NOT NULL,
  `codigo` varchar(512) DEFAULT NULL,
  `producto` varchar(512) DEFAULT NULL,
  `idcategoria` bigint UNSIGNED DEFAULT NULL,
  `existencia` bigint DEFAULT NULL
) ENGINE=InnoDB DEFAULT CHARSET=utf8mb4 COLLATE=utf8mb4_0900_ai_ci;

--
-- Volcado de datos para la tabla `productos`
--

INSERT INTO `productos` (`id`, `codigo`, `producto`, `idcategoria`, `existencia`) VALUES
(1, 'FON-100-001-1', 'FONDO HERRERIA NEGRO', 1, 10),
(2, 'FON-100-001-4', 'FONDO HERRERIA NEGRO', 1, 20),
(3, 'FON-100-001-5', 'FONDO HERRERIA NEGRO', 1, 40),
(4, 'FON-100-001-53', 'FONDO HERRERIA NEGRO', 1, 80),
(5, 'FON-100-002-1', 'FONDO HERRERIA GRIS', 1, 160),
(6, 'FON-100-002-4', 'FONDO HERRERIA GRIS', 1, 320),
(7, 'FON-100-002-5', 'FONDO HERRERIA GRIS', 1, 70),
(8, 'FON-100-002-53', 'FONDO HERRERIA GRIS', 1, 80),
(9, 'FON-100-003-1', 'FONDO HERRERIA ROJO', 1, 90),
(10, 'FON-100-003-4', 'FONDO HERRERIA ROJO', 1, 100),
(11, 'FON-100-003-5', 'FONDO HERRERIA ROJO', 1, 110),
(12, 'FON-100-003-53', 'FONDO HERRERIA ROJO', 1, 120),
(13, 'FON-100-004-1', 'FONDO HERRERIA BLANCO', 1, 130),
(14, 'FON-100-004-4', 'FONDO HERRERIA BLANCO', 1, 140),
(15, 'FON-100-004-5', 'FONDO HERRERIA BLANCO', 1, 150),
(16, 'FON-100-004-53', 'FONDO HERRERIA BLANCO', 1, 160),
(17, 'ESM-100-009-1', 'ESMALTE BLANCO NIEVE BRILLANTE', 2, 170),
(18, 'ESM-100-009-4', 'ESMALTE BLANCO NIEVE BRILLANTE', 2, 180),
(19, 'ESM-100-009-5', 'ESMALTE BLANCO NIEVE BRILLANTE', 2, 190),
(20, 'ESM-100-009-53', 'ESMALTE BLANCO NIEVE BRILLANTE', 2, 200),
(21, 'ESM-100-010-5', 'ESMALTE BLANCO OSTRA', 2, 210),
(22, 'ESM-100-011-1', 'ESMALTE BLANCO BRILLANTE S/N', 2, 220),
(23, 'ESM-100-011-4', 'ESMALTE BLANCO BRILLANTE S/N', 2, 230),
(24, 'ESM-100-011-5', 'ESMALTE BLANCO BRILLANTE S/N', 2, 240),
(25, 'ESM-100-011-53', 'ESMALTE BLANCO BRILLANTE S/N', 2, 250),
(26, 'ESM-100-012-1', 'ESMALTE BLANCO MATE S.N', 2, 260),
(27, 'ESM-100-012-4', 'ESMALTE BLANCO MATE S.N', 2, 270),
(28, 'ESM-100-012-5', 'ESMALTE BLANCO MATE S.N', 2, 280),
(29, 'ESM-100-012-53', 'ESMALTE BLANCO MATE S.N', 2, 290),
(30, 'CEM-100-015-53', 'CEMENTO DE CONTACTO 2001', 2, 300),
(31, 'CEM-100-016-53', 'CEMENTO DE CONTACTO M-10', 2, 310),
(32, 'CEM-100-017-1', 'CEMENTO DE CONTACTO 2040', 2, 320),
(33, 'CEM-100-017-4', 'CEMENTO DE CONTACTO 2040', 2, 330),
(34, 'CEM-100-017-5', 'CEMENTO DE CONTACTO 2040', 2, 340),
(35, 'CEM-100-017-53', 'CEMENTO DE CONTACTO 2040', 2, 350),
(36, 'CEM-100-018-1', 'CEMENTO DE CONTACTO 2500', 2, 360),
(37, 'CEM-100-018-4', 'CEMENTO DE CONTACTO 2500', 2, 370),
(38, 'CEM-100-018-5', 'CEMENTO DE CONTACTO 2500', 2, 380),
(39, 'CEM-100-018-53', 'CEMENTO DE CONTACTO 2500', 2, 390),
(40, 'ESM-100-102-1', 'ESMALTE AMARILLO CROMO', 2, 400),
(41, 'ESM-100-102-4', 'ESMALTE AMARILLO CROMO', 2, 410),
(42, 'ESM-100-102-5', 'ESMALTE AMARILLO CROMO', 2, 420),
(43, 'ESM-100-102-53', 'ESMALTE AMARILLO CROMO', 2, 430),
(44, 'ESM-100-103-1', 'ESMALTE BRILLANTE AMO.CATERPILLAR', 2, 440),
(45, 'ESM-100-103-4', 'ESMALTE BRILLANTE AMO.CATERPILLAR', 2, 450),
(46, 'ESM-100-103-5', 'ESMALTE BRILLNATE AMO.CATERPILLAR', 2, 460),
(47, 'ESM-100-103-53', 'ESMALTE BRILLANTE AMO.CATERPILLAR', 2, 470),
(48, 'ESM-100-104-1', 'ESMALTE BRILLANTE AMO.INTENSO S/N', 2, 480),
(49, 'ESM-100-104-4', 'ESMALTE BRILLNATE AMO.INTENSO S/N', 2, 490),
(50, 'ESM-100-104-5', 'ESMALTE BRILLANTE AMO.INTENSO S/N', 2, 500),
(51, 'ESM-100-104-53', 'ESMALTE BRILLANTE AMO.INTENSO S/N', 2, 510),
(52, 'CEM-100-105-1', 'CEMENTO DE CONTACTO 2001', 2, 520),
(53, 'CEM-100-105-32', 'CEMENTO DE CONTACTO 2001', 2, 530),
(54, 'CEM-100-105-4', 'CEMENTO DE CONTACTO 2001', 2, 540),
(55, 'CEM-100-105-5', 'CEMENTO DE CONTACTO 2001', 2, 550),
(56, 'CEM-100-105-53', 'CEMENTO DE CONTACTO 2001', 2, 560),
(57, 'CEM-100-105-8', 'CEMENTO DE CONTACTO 2001', 2, 570),
(58, 'ESM-100-107-1', 'ESMALTE AMARILLO LIMON S/R', 2, 580),
(59, 'ESM-100-107-4', 'ESMALTE AMARILLO LIMON S/R', 2, 590),
(60, 'ESM-100-107-5', 'ESMALTE AMARILLO LIMON S/R', 2, 600),
(61, 'ESM-100-107-53', 'ESMALTE AMARILLO LIMON S/R', 2, 610),
(62, 'ESM-100-108-1', 'ESMALTE BRILLANTE ROJO OSCURO S/R', 2, 620),
(63, 'ESM-100-108-5', 'ESMALTE BRILLANTE ROJO OSCURO S/R', 2, 630),
(64, 'ESM-100-108-53', 'ESMALTE BRILLANTE ROJO OSCURO S/R', 2, 640),
(65, 'ESM-100-109-1', 'ESMALTE ROJO CLARO', 2, 650),
(66, 'ESM-100-109-5', 'ESMALTE ROJO CLARO', 2, 660),
(67, 'ESM-100-109-53', 'ESMALTE ROJO CLARO', 2, 670),
(68, 'ESM-100-110-1', 'ESMALTE AMARILLO CATERPILLAR SR', 2, 680),
(69, 'ESM-100-110-5', 'ESMALTE AMARILLO CATERPILLAR SR', 2, 690),
(70, 'ESM-100-110-53', 'ESMALTE AMARILLO CATERPILLAR SR', 2, 700),
(71, 'ESM-100-112-1', 'ESMALTE ROJO CLARO BRILLANTE S/N', 2, 710),
(72, 'ESM-100-112-4', 'ESMALTE ROJO CLARO BRILLANTE S/N', 2, 720),
(73, 'ESM-100-112-5', 'ESMALTE ROJO CLARO BRILLANTE S/N', 2, 730),
(74, 'ESM-100-112-53', 'ESMALTE ROJO CLARO BRILLANTE S/N', 2, 740),
(75, 'FON-100-113-1', 'FONDO HERRERIA GRIS ACUOSO', 1, 750),
(76, 'FON-100-113-4', 'FONDO HERRERIA GRIS ACUOSO', 1, 760),
(77, 'FON-100-114-1', 'FONDO HERRERIA NEGRO ACUOSO', 1, 770),
(78, 'FON-100-114-4', 'FONDO HERRERIA NEGRO ACUOSO', 1, 780),
(79, 'ESM-100-201-1', 'ESMALTE AZUL COLONIAL-RCP S/N', 2, 790),
(80, 'ESM-100-201-5', 'ESMALTE AZUL COLONIAL-RCP S/N', 2, 800),
(81, 'ESM-100-202-1', 'ESMALTE BRILLANTE AZUL CARIBE', 2, 810),
(82, 'ESM-100-202-4', 'ESMALTE BRILLANTE AZUL CARIBE S/N', 2, 820),
(83, 'ESM-100-202-5', 'ESMALTE BRILLANTE AZUL CARIBE S/A', 2, 830),
(84, 'ESM-100-202-53', 'ESMALTE BRILLANTE AZUL CARIBE S/A', 2, 840),
(85, 'ESM-100-204-1', 'ESMALTE AZUL COLONIAL-RCP S/N', 2, 850),
(86, 'ESM-100-204-5', 'ESMALTE AZUL COLONIAL-RCP S/N', 2, 860),
(87, 'ESM-100-204-53', 'ESMALTE AZUL COLONIAL-RCP S/N', 2, 870),
(88, 'ESM-100-207-1', 'ESMALTE AZUL QUIMISOL BRILLANTE S', 2, 880),
(89, 'ESM-100-207-4', 'ESMALTE AZUL QUIMISOL BRILLANTE S', 2, 890),
(90, 'ESM-100-207-5', 'ESMALTE AZUL QUIMISOL BRILLANTE S', 2, 900),
(91, 'ESM-100-207-53', 'ESMALTE AZUL QUIMISOL BRILLANTE S', 2, 910),
(92, 'ESM-100-208-1', 'ESMALTE AZUL INTENSO S/N', 2, 920),
(93, 'ESM-100-208-4', 'ESMALTE AZUL INTENSO S/N', 2, 930),
(94, 'ESM-100-208-5', 'ESMALTE AZUL INTENSO S/N', 2, 940),
(95, 'ESM-100-208-53', 'ESMALTE AZUL INTENSO S/N', 2, 950),
(96, 'ESM-100-209-1', 'ESMALTE AZUL MEDIO BRILLANTE S/N', 2, 960),
(97, 'ESM-100-209-4', 'ESMALTE AZUL MEDIO BRILLANTE S/N', 2, 970),
(98, 'ESM-100-209-5', 'ESMALTE AZUL MEDIO BRILLANTE S/N', 2, 980),
(99, 'ESM-100-209-53', 'ESMALTE AZUL MEDIO BRILLANTE S/N', 2, 990),
(100, 'ESM-100-210-1', 'ESMALTE AZUL OCEANO S.N', 2, 1000),
(101, 'ESM-100-210-4', 'ESMALTE AZUL OCEANO S.N', 2, 1010),
(102, 'ESM-100-210-5', 'ESMALTE AZUL OCEANO S.N', 2, 1020),
(103, 'ESM-100-210-53', 'ESMALTE AZUL OCEANO S.N', 2, 1030),
(104, 'ESM-100-211-1', 'ESMALTE BR.AZUL COLONIAL S/N', 2, 1040),
(105, 'ESM-100-211-4', 'ESMALTE AZUL COLONIAL S/N', 2, 1050),
(106, 'ESM-100-211-5', 'ESMALTE BR.AZUL COLONIAL S/N', 2, 1060),
(107, 'ESM-100-211-53', 'ESMALTE BR.AZUL COLONIAL S/N', 2, 1070),
(108, 'ESM-100-302-1', 'ESMALTE BRILLANTE ROJO CADMIO S/N', 2, 1080),
(109, 'ESM-100-302-4', 'ESMALTE BRILLNATE ROJO CADMIO S/N', 2, 1090),
(110, 'ESM-100-302-5', 'ESMALTE BRILLANTE ROJO CADMIO S/N', 2, 1100),
(111, 'ESM-100-302-53', 'ESMALTE BRILLANTE ROJO CADMIO S/N', 2, 1110),
(112, 'ESM-100-402-1', 'ESMALTE BRILLANTE VERDE LIMON', 2, 1120),
(113, 'ESM-100-402-4', 'ESMALTE BRILLANTE VERDE LIMON', 2, 1130),
(114, 'ESM-100-402-5', 'ESMALTE BRILLANTE VERDE LIMON', 2, 1140),
(115, 'ESM-100-402-53', 'ESMALTE BRILLANTE VERDE LIMON', 2, 1150),
(116, 'ESM-100-405-5', 'ESMALTE VERDE ACEITUNA S/N', 2, 1160),
(117, 'ESM-100-602-1', 'ESMALTE BRILLANTE NEGRO S/N', 2, 1170),
(118, 'ESM-100-602-4', 'ESMALTE BRILLANTE NEGRO S/N', 2, 1180),
(119, 'ESM-100-602-5', 'ESMALTE BRILLANTE NEGRO S/N', 2, 1190),
(120, 'ESM-100-602-53', 'ESMALTE BRILLANTE NEGRO S/N', 2, 1200),
(121, 'ESM-100-605-1', 'ESMALTE BRILLANTE NEGRO S/R', 2, 1210),
(122, 'ESM-100-605-4', 'ESMALTE BRILLANTE NEGRO S/R (N.2)', 2, 1220),
(123, 'ESM-100-605-5', 'ESMALTE BRILLANTE NEGRO S/R', 2, 1230),
(124, 'ESM-100-605-53', 'ESMALTE BRILLANTE NEGRO S/R', 2, 1240),
(125, 'ESM-100-606-1', 'ESMALTE NEGRO BRILLANTE S/R', 2, 1250),
(126, 'ESM-100-606-4', 'ESMALTE NEGRO BRILLANTE S/R', 2, 1260),
(127, 'ESM-100-606-5', 'ESMALTE NEGRO BRILLANTE S/R', 2, 1270),
(128, 'ESM-100-606-53', 'ESMALTE NEGRO BRILLANTE S/R', 2, 1280),
(129, 'ESM-100-607-1', 'ESMALTE NEGRO SINTETICO', 2, 1290),
(130, 'ESM-100-608-1', 'ESMALTE NEGRO SEMIBRILLANTE S/R', 2, 1300),
(131, 'ESM-100-608-4', 'ESMALTE NEGRO SEMIBRILLANTE S/R', 2, 1310),
(132, 'ESM-100-608-5', 'ESMALTE NEGRO SEMIBRILLANTE S/R', 2, 1320),
(133, 'ESM-100-608-53', 'ESMALTE NEGRO SEMIBRILLANTE S/R', 2, 1330),
(134, 'ESM-100-805-1', 'ESMALTE GRIS CLARO S/N', 2, 1340),
(135, 'ESM-100-805-4', 'ESMALTE GRIS CLARO S/N', 2, 1350),
(136, 'ESM-100-805-5', 'ESMALTE GRIS CLARO S/N', 2, 1360),
(137, 'ESM-100-805-53', 'ESMALTE GRIS CLARO S/N', 2, 1370),
(138, 'ESM-100-806-1', 'ESMALTE NEGRO HORNEABLE', 2, 1380),
(139, 'ESM-100-806-4', 'ESMALTE NEGRO HORNEABLE', 2, 1390),
(140, 'ESM-100-806-5', 'ESMALTE NEGRO HORNEABLE', 2, 1400),
(141, 'ESM-100-806-53', 'ESMALTE NEGRO HORNEABLE', 2, 1410),
(142, 'ESM-100-902-1', 'ESMALTE ALUMINIO INDUSTRIAL', 2, 1420),
(143, 'ESM-100-902-4', 'ESMALTE ALUMINIO INDUSTRIAL', 2, 1430),
(144, 'ESM-100-902-5', 'ESMALTE ALUMINIO INDUSTRIAL', 2, 1440),
(145, 'ESM-100-902-53', 'ESMALTE ALUMINIO INDUSTRIAL', 2, 1450),
(146, 'ESM-100-903-1', 'ESMALTE NARANJA S/R', 2, 1460),
(147, 'ESM-100-903-53', 'ESMALTE NARANJA S/R', 2, 1470),
(148, 'ESM-100-905-5', 'ESMALTE VERDE GRAMA', 2, 1480),
(149, 'NAR-100-906-1', 'NARANJA BRILLO DIRECTO AUTOMOTRIZ', 2, 1490),
(150, 'NAR-100-906-53', 'NARANJA BRILLO DIRECTO AUTOMOTRIZ', 2, 1500),
(151, 'OLE-200-002-1', 'OLEO NEGRO BRILLANTE', 2, 1510),
(152, 'OLE-200-002-4', 'OLEO NEGRO BRILLANTE', 2, 1520),
(153, 'OLE-200-002-5', 'OLEO NEGRO BRILLANTE', 2, 1530),
(154, 'OLE-200-002-53', 'OLEO NEGRO BRILLANTE', 2, 1540),
(155, 'MAS-300-306-1', 'MASILLA AMARILLA DE RETOQUE', 4, 1550),
(156, 'MAS-300-306-4', 'MASILLA AMARILLA DE RETOQUE', 4, 1560),
(157, 'MAS-300-306-5', 'MASILLA AMARILLA DE RETOQUE', 4, 1570),
(158, 'MAS-300-308-1', 'MASILLA ROJA DE RETOQUE', 4, 1580),
(159, 'MAS-300-308-4', 'MASILLA ROJA DE RETOQUE', 4, 1590),
(160, 'MAS-300-308-5', 'MASILLA ROJA DE RETOQUE', 4, 1600),
(161, 'MAS-300-308-53', 'MASILLA ROJA DE RETOQUE', 4, 1610),
(162, 'MAS-300-309-1', 'MASILLA ROJA DE RETOQUE', 4, 1620),
(163, 'BLA-500-001-1', 'BLANCO TRAFICO PERLADO', 2, 1630),
(164, 'BLA-500-001-4', 'BLANCO TRAFICO PERLADO', 2, 1640),
(165, 'BLA-500-001-5', 'BLANCO TRAFICO PERLADO', 2, 1650),
(166, 'BLA-500-001-53', 'BLANCO TRAFICO PERLADO', 2, 1660),
(167, 'ESM-500-002-4', 'ESMALTE BRILLANTE BLANCO TRAFICO', 2, 1670),
(168, 'ESM-500-002-5', 'ESMALTE BRILLANTE BLANCO TRAFICO', 2, 1680),
(169, 'ESM-500-002-53', 'ESMALTE BRILLANTE BLANCO TRAFICO', 2, 1690),
(170, 'ESM-500-101-1', 'ESM. BRILLANTE AMO. TRAFICO', 5, 1700),
(171, 'ESM-500-101-4', 'ESMALTE BRILLANTE AMO. TRAFICO', 2, 1710),
(172, 'ESM-500-101-5', 'ESMALTE BRILLANTE AMO. TRAFICO', 2, 1720),
(173, 'ESM-500-101-53', 'ESMALTE BRILLANTE AMO. TRAFICO', 2, 1730),
(174, 'ESM-500-102-1', 'ESMALTE MATE AMO. TRAFICO', 2, 1740),
(175, 'ESM-500-102-5', 'ESMALTE MATE AMO. TRAFICO', 2, 1750),
(176, 'ESM-500-102-53', 'ESMALTE MATE AMO. TRAFICO', 2, 1760),
(177, 'AMA-500-103-1', 'AMARILLO TRAFICO PERLADO', 2, 1770),
(178, 'AMA-500-103-4', 'AMARILLO TRAFICO PERLADO', 2, 1780),
(179, 'AMA-500-103-5', 'AMARILLO TRAFICO PERLADO', 2, 1790),
(180, 'AMA-500-103-53', 'AMARILLO TRAFICO PERLADO', 2, 1800),
(181, 'VER-500-104-1', 'VERDE TRAFICO', 2, 1810),
(182, 'VER-500-104-5', 'VERDE TRAFICO', 2, 1820),
(183, 'TRA-500-301-1', 'TRAFICO ROJO', 2, 1830),
(184, 'TRA-500-301-4', 'TRAFICO ROJO', 2, 1840),
(185, 'TRA-500-301-5', 'TRAFICO ROJO', 2, 1850),
(186, 'TRA-500-301-53', 'TRAFICO ROJO', 2, 1860),
(187, 'TRA-500-305-1', 'TRAFICO BLANCO MATE', 2, 1870),
(188, 'TRA-500-305-4', 'TRAFICO BLANCO MATE', 2, 1880),
(189, 'TRA-500-305-5', 'TRAFICO BLANCO MATE', 2, 1890),
(190, 'TRA-500-305-53', 'TRAFICO BLANCO MATE', 2, 1900),
(191, 'TRA-500-306-1', 'TRAFICO BLANCO PERLADO', 2, 1910),
(192, 'TRA-500-306-4', 'TRAFICO BLANCO PERLADO', 2, 1920),
(193, 'TRA-500-306-5', 'TRAFICO BLANCO PERLADO', 2, 1930),
(194, 'TRA-500-306-53', 'TRAFICO BLANCO PERLADO', 2, 1940),
(195, 'FON-600-022-1', 'FONDO VERDE LIJABLE', 1, 1950),
(196, 'FON-600-022-4', 'FONDO VERDE LIJABLE', 1, 1960),
(197, 'FON-600-022-5', 'FONDO VERDE LIJABLE', 1, 1970),
(198, 'SEL-600-027-1', 'SELLADOR APLICACION DIRECTA', 6, 1980),
(199, 'SEL-600-027-4', 'SELLADOR APLICACION DIRECTA', 6, 1990),
(200, 'SEL-600-027-5', 'SELLADOR APLICACION DIRECTA', 6, 2000),
(201, 'SEL-600-027-53', 'SELLADOR APLICACION DIRECTA', 6, 2010),
(202, 'LAC-600-035-1', 'LACA NITRO BLANCA', 7, 2020),
(203, 'LAC-600-035-4', 'LACA NITRO BLANCA', 7, 2030),
(204, 'LAC-600-035-5', 'LACA NITRO BLANCA', 7, 2040),
(205, 'LAC-600-035-53', 'LACA NITRO BLANCA', 7, 2050),
(206, 'FON-600-039-1', 'FONDO AMARILLO LIJABLE', 1, 2060),
(207, 'FON-600-039-4', 'FONDO AMARILLO LIJABLE', 1, 2070),
(208, 'FON-600-039-5', 'FONDO AMARILLO LIJABLE', 1, 2080),
(209, 'FON-600-039-53', 'FONDO AMARILLO LIJABLE', 1, 2090),
(210, 'FON-600-041-1', 'FONDO BLANCO LIJABLE', 1, 2100),
(211, 'FON-600-041-4', 'FONDO BLANCO LIJABLE', 1, 2110),
(212, 'FON-600-041-5', 'FONDO BLANCO LIJABLE', 1, 2120),
(213, 'FON-600-041-53', 'FONDO BLANCO LIJABLE', 1, 2130),
(214, 'SEL-600-046-1', 'SELLADOR CATALIZADO', 6, 2140),
(215, 'SEL-600-046-4', 'SELLADOR CATALIZADO', 6, 2150),
(216, 'SEL-600-046-5', 'SELLADOR CATALIZADO', 6, 2160),
(217, 'SEL-600-046-53', 'SELLADOR CATALIZADO', 6, 2170),
(218, 'SEL-600-047-1', 'SELLADOR CONCENTRADO BRILLANTE', 6, 2180),
(219, 'SEL-600-047-4', 'SELLADOR CONCENTRADO BRILLANTE', 6, 2190),
(220, 'SEL-600-047-5', 'SELLADOR CONCENTRADO BRILLANTE', 6, 2200),
(221, 'SEL-600-047-53', 'SELLADOR CONCENTRADO BRILLANTE', 6, 2210),
(222, 'SEL-600-048-1', 'SELLADOR SUPER CONCENTRADO', 6, 2220),
(223, 'SEL-600-048-4', 'SELLADOR SUPER CONCENTRADO', 6, 2230),
(224, 'SEL-600-048-5', 'SELLADOR SUPER CONCENTRADO', 6, 2240),
(225, 'SEL-600-048-53', 'SELLADOR SUPER CONCENTRADO', 6, 2250),
(226, 'SEL-600-049-1', 'SELLADOR CONCENTRADO SUPER RENDIDOR', 6, 2260),
(227, 'SEL-600-049-4', 'SELLADOR CONCENTRADO SUPER RENDIDOR', 6, 2270),
(228, 'SEL-600-049-5', 'SELLADOR CONCENTRADO SUPER RENDIDOR', 6, 2280),
(229, 'SEL-600-049-53', 'SELLADOR CONCENTRADO SUPER RENDIDOR', 6, 2290),
(230, 'SEL-600-054-1', 'SELLADOR POLIURETANO', 6, 2300),
(231, 'SEL-600-054-4', 'SELLADOR POLIURETANO', 6, 2310),
(232, 'BAR-601-007-1', 'BARNIZ TRANSPARENTE BRILLANTE S/R', 8, 2320),
(233, 'BAR-601-007-4', 'BARNIZ TRANSPARENTE BRILLANTE S/R', 8, 2330),
(234, 'BAR-601-007-5', 'BARNIZ TRANSPARENTE BRILLANTE S/R', 8, 2340),
(235, 'BAR-601-007-53', 'BARNIZ TRANSPARENTE BRILLANTE S/R', 8, 2350),
(236, 'TIN-602-001-1', 'TINTA CAOBA AFRICANA GLN', 9, 2360),
(237, 'TIN-602-001-2', 'TINTA CAOBA AFRICANA 500CC', 9, 2370),
(238, 'TIN-602-001-4', 'TINTA CAOBA AFRICANA LITRO', 9, 2380),
(239, 'TIN-602-001-5', 'TINTA CAOBA AFRICANA CUÑETE', 9, 2390),
(240, 'TIN-602-002-1', 'TINTA COLOR CARAMELO GLN', 9, 2400),
(241, 'TIN-602-002-2', 'TINTA COLOR CARAMELO 500CC', 9, 2410),
(242, 'TIN-602-002-4', 'TINTA COLOR CARAMELO LITRO', 9, 2420),
(243, 'TIN-602-002-5', 'TINTA COLOR CARAMELO CUÑETE', 9, 2430),
(244, 'TIN-602-003-1', 'TINTA COLOR WENGUE GLN', 9, 2440),
(245, 'TIN-602-003-2', 'TINTA COLOR WENGUE 500CC', 9, 2450),
(246, 'TIN-602-003-4', 'TINTA COLOR WENGUE LITRO', 9, 2460),
(247, 'TIN-602-003-5', 'TINTA COLOR WENGUE CUÑETE', 9, 2470),
(248, 'TIN-602-004-1', 'TINTA COLOR NOGAL GLN', 9, 2480),
(249, 'TIN-602-004-2', 'TINTA COLOR NOGAL 500CC', 9, 2490),
(250, 'TIN-602-004-4', 'TINTA COLOR NOGAL LITRO', 9, 2500),
(251, 'TIN-602-004-5', 'TINTA COLOR NOGAL CUÑETE', 9, 2510),
(252, 'TIN-602-005-1', 'TINTA COLOR CAOBA GLN', 9, 2520),
(253, 'TIN-602-005-2', 'TINTA COLOR CAOBA 500CC', 9, 2530),
(254, 'TIN-602-005-4', 'TINTA COLOR CAOBA LITRO', 9, 2540),
(255, 'TIN-602-005-5', 'TINTA COLOR CAOBA CUÑETE', 9, 2550),
(256, 'LAC-800-003-1', 'LACA DE UÑA TRANSPARENTE', 7, 2560),
(257, 'LAC-800-003-4', 'LACA DE UÑA TRANSPARENTE', 7, 2570),
(258, 'LAC-800-003-5', 'LACA DE UÑA TRANSPARENTE', 7, 2580),
(259, 'LAC-800-003-53', 'LACA DE UÑA TRANSPARENTE', 7, 2590),
(260, 'ACR-800-006-1', 'ACRILICO TRANSP. MEZCLA', 2, 2600),
(261, 'ACR-800-008-1', 'ACRILICO BLANCO-B', 2, 2610),
(262, 'ACR-800-014-1', 'ACRILICO BLANCO', 2, 2620),
(263, 'ACR-800-014-4', 'ACRILICO BLANCO', 2, 2630),
(264, 'ACR-800-014-5', 'ACRILICO BLANCO', 2, 2640),
(265, 'ACR-800-014-53', 'ACRILICO BLANCO', 2, 2650),
(266, 'ACR-800-106-1', 'ACRILICO AMARILLO CROMO MEDIO', 2, 2660),
(267, 'ACR-800-106-4', 'ACRILICO AMARILLO CROMO MEDIO', 2, 2670),
(268, 'ACR-800-106-5', 'ACRILICO AMARILLO CROMO MEDIO', 2, 2680),
(269, 'ACR-800-106-53', 'ACRILICO AMARILLO CROMO MEDIO', 2, 2690),
(270, 'ACR-800-107-1', 'ACRILICO AMARILLO CROMO', 2, 2700),
(271, 'ACR-800-107-4', 'ACRILICO AMARILLO CROMO', 2, 2710),
(272, 'ACR-800-107-5', 'ACRILICO AMARILLO CROMO', 2, 2720),
(273, 'ACR-800-108-1', 'ACRILICO AMARILLO LIMON', 2, 2730),
(274, 'ACR-800-108-4', 'ACRILICO AMARILLO LIMON', 2, 2740),
(275, 'ACR-800-108-5', 'ACRILICO AMARILLO LIMON', 2, 2750),
(276, 'ACR-800-108-53', 'ACRILICO AMARILLO LIMON', 2, 2760),
(277, 'ACR-800-206-1', 'ACRILICO AZUL ORGANICO-B', 2, 2770),
(278, 'ACR-800-206-4', 'ACRILICO AZUL ORGANICO-B', 2, 2780),
(279, 'ACR-800-208-1', 'ACRILICO AZUL ORGANICO', 2, 2790),
(280, 'ACR-800-208-4', 'ACRILICO AZUL ORGANICO', 2, 2800),
(281, 'ACR-800-208-5', 'ACRILICO AZUL ORGANICO', 2, 2810),
(282, 'ACR-800-208-53', 'ACRILICO AZUL ORGANICO', 2, 2820),
(283, 'ACR-800-308-1', 'ACRILICO ROJO OSCURO', 2, 2830),
(284, 'ACR-800-314-1', 'ACRILICO ROJO MAGENTA', 2, 2840),
(285, 'ACR-800-317-1', 'ACRILICO ROJO FERRARI B', 2, 2850),
(286, 'ACR-800-318-1', 'ACRILICO ROJO PERMANENTE', 2, 2860),
(287, 'ACR-800-318-4', 'ACRILICO ROJO PERMANENTE', 2, 2870),
(288, 'ACR-800-318-5', 'ACRILICO ROJO PERMANENTE', 2, 2880),
(289, 'ACR-800-318-53', 'ACRILICO ROJO PERMANENTE', 2, 2890),
(290, 'ACR-800-321-1', 'ACRILICO ROJO FERRARI', 2, 2900),
(291, 'ACR-800-321-4', 'ACRILICO ROJO FERRARI', 2, 2910),
(292, 'ACR-800-321-5', 'ACRILICO ROJO FERRARI', 2, 2920),
(293, 'ACR-800-321-53', 'ACRILICO ROJO FERRARI', 2, 2930),
(294, 'ACR-800-322-1', 'ACRILICO ROJO CADMIO', 2, 2940),
(295, 'ACR-800-322-4', 'ACRILICO ROJO CADMIO', 2, 2950),
(296, 'ACR-800-322-5', 'ACRILICO ROJO CADMIO', 2, 2960),
(297, 'ACR-800-322-53', 'ACRILICO ROJO CADMIO', 2, 2970),
(298, 'ACR-800-402-1', 'ACRILICO VERDE-B', 2, 2980),
(299, 'ACR-800-404-1', 'ACRILICO VERDE ORGANICO', 2, 2990),
(300, 'ACR-800-404-4', 'ACRILICO VERDE ORGANICO', 2, 3000),
(301, 'ACR-800-404-5', 'ACRILICO VERDE ORGANICO', 2, 3010),
(302, 'ACR-800-404-53', 'ACRILICO VERDE ORGANICO', 2, 3020),
(303, 'ACR-800-603-1', 'ACRILICO NEGRO EJECUTIVO', 2, 3030),
(304, 'ACR-800-603-5', 'ACRILICO NEGRO EJECUTIVO', 2, 3040),
(305, 'ACR-800-603-53', 'ACRILICO NEGRO EJECUTIVO', 2, 3050),
(306, 'ACR-800-606-1', 'ACRILICO NEGRO INTENSO-B', 2, 3060),
(307, 'ACR-800-609-1', 'ACRILICO NEGRO INTENSO', 2, 3070),
(308, 'ACR-800-609-4', 'ACRILICO NEGRO INTENSO', 2, 3080),
(309, 'ACR-800-609-5', 'ACRILICO NEGRO INTENSO', 2, 3090),
(310, 'ACR-800-609-53', 'ACRILICO NEGRO INTENSO', 2, 3100),
(311, 'ACR-800-610-1', 'ACRILICO TRANSPARENTE', 2, 3110),
(312, 'ACR-800-610-4', 'ACRILICO TRANSPARENTE', 2, 3120),
(313, 'ACR-800-610-5', 'ACRILICO TRANSPARENTE', 2, 3130),
(314, 'ACR-800-610-53', 'ACRILICO TRANSPARENTE', 2, 3140),
(315, 'FON-800-651-1', 'FONDO ANTI-ALCALINO', 1, 3150),
(316, 'FON-800-656-1', 'FONDO GRIS AUTOMOTRIZ', 1, 3160),
(317, 'FON-800-656-4', 'FONDO GRIS AUTOMOTRIZ', 1, 3170),
(318, 'FON-800-656-5', 'FONDO GRIS AUTOMOTRIZ', 1, 3180),
(319, 'FON-800-656-53', 'FONDO GRIS AUTOMOTRIZ', 1, 3190),
(320, 'FON-800-658-1', 'FONDO ACRILICO RELLENADOR', 1, 3200),
(321, 'FON-800-658-4', 'FONDO ACRILICO RELLENADOR', 1, 3210),
(322, 'ACR-800-702-1', 'ACRILICO ORO MIDAS', 2, 3220),
(323, 'ACR-800-702-4', 'ACRILICO ORO MIDAS', 2, 3230),
(324, 'ACR-800-703-1', 'ACRILICO ROJO OXIDO TRANSPARENTE', 2, 3240),
(325, 'ACR-800-703-4', 'ACRILICO ROJO OXIDO TRANSPARENTE', 2, 3250),
(326, 'ACR-800-911-1', 'ACRILICO ALUMINIO EXTRA GRUESO', 2, 3260),
(327, 'ACR-800-911-4', 'ACRILICO ALUMINIO EXTRA GRUESO', 2, 3270),
(328, 'ACR-800-914-1', 'ACRILICO ALUMINIO MEDIO', 2, 3280),
(329, 'ACR-800-914-4', 'ACRILICO ALUMINIO MEDIO', 2, 3290),
(330, 'ACR-800-914-5', 'ACRILICO ALUMINIO MEDIO', 2, 3300),
(331, 'ACR-800-915-1', 'ACRILICO ALUMINIO FINO', 2, 3310),
(332, 'ACR-800-915-4', 'ACRILICO ALUMINIO FINO', 2, 3320),
(333, 'ACR-800-915-5', 'ACRILICO ALUMINIO FINO', 2, 3330),
(334, 'ACR-800-916-1', 'ACRILICO ALUMINIO GRUESO', 2, 3340),
(335, 'ACR-800-916-4', 'ACRILICO ALUMINIO GRUESO', 2, 3350),
(336, 'ACR-800-916-5', 'ACRILICO ALUMINIO GRUESO', 2, 3360),
(337, 'LAC-900-002-5', 'LACA NITRO TRANSPARENTE DILUIDA', 7, 3370),
(338, 'LAC-900-002-53', 'LACA NITRO TRANSPARENTE DILUIDA', 7, 3380),
(339, 'LAC-900-006-1', 'LACA NITRO MARRON BRILLANTE', 7, 3390),
(340, 'LAC-900-008-1', 'LACA NITRO VERDE ORGANICO', 7, 3400),
(341, 'LAC-900-008-4', 'LACA NITRO VERDE ORGANICO', 7, 3410),
(342, 'LAC-900-008-5', 'LACA NITRO VERDE ORGANICO', 7, 3420),
(343, 'LAC-900-008-53', 'LACA NITRO VERDE ORGANICO', 7, 3430),
(344, 'LAC-900-009-1', 'LACA NITRO AMARILLO CROMO', 7, 3440),
(345, 'LAC-900-009-4', 'LACA NITRO AMARILLO CROMO', 7, 3450),
(346, 'LAC-900-009-5', 'LACA NITRO AMARILLO CROMO', 7, 3460),
(347, 'LAC-900-009-53', 'LACA NITRO AMARILLO CROMO', 7, 3470),
(348, 'LAC-900-010-1', 'LACA NITRO AZUL ORGANICO', 7, 3480),
(349, 'LAC-900-010-4', 'LACA NITRO AZUL ORGANICO', 7, 3490),
(350, 'LAC-900-010-5', 'LACA NITRO AZUL ORGANICO', 7, 3500),
(351, 'LAC-900-010-53', 'LACA NITRO AZUL ORGANICO', 7, 3510),
(352, 'LAC-900-011-1', 'LACA NITRO ROJO', 7, 3520),
(353, 'LAC-900-011-4', 'LACA NITRO ROJO', 7, 3530),
(354, 'LAC-900-011-5', 'LACA NITRO ROJO', 7, 3540),
(355, 'LAC-900-011-53', 'LACA NITRO ROJO', 7, 3550),
(356, 'LAC-900-019-1', 'LACA NITRO TRANSPARENTE BRILLANTE', 7, 3560),
(357, 'LAC-900-019-4', 'LACA NITRO TRANSPARENTE BRILLANTE', 7, 3570),
(358, 'LAC-900-019-5', 'LACA NITRO TRANSPARENTE BRILLANTE', 7, 3580),
(359, 'LAC-900-019-53', 'LACA NITRO TRANSPARENTE BRILLANTE', 7, 3590),
(360, 'LAC-900-020-1', 'LACA NITRO SATINADA', 7, 3600),
(361, 'LAC-900-020-4', 'LACA NITRO SATINADA', 7, 3610),
(362, 'LAC-900-020-5', 'LACA NITRO SATINADA', 7, 3620),
(363, 'LAC-900-020-53', 'LACA NITRO SATINADA', 7, 3630),
(364, 'LAC-900-021-1', 'LACA NITRO TRANS. MATE', 7, 3640),
(365, 'LAC-900-021-4', 'LACA NITRO TRANS. MATE', 7, 3650),
(366, 'LAC-900-021-5', 'LACA NITRO TRANS. MATE', 7, 3660),
(367, 'LAC-900-021-53', 'LACA NITRO TRANS. MATE', 7, 3670),
(368, 'LAC-900-024-1', 'LACA CATALIZADA BRILLANTE', 7, 3680),
(369, 'LAC-900-024-4', 'LACA CATALIZADA BRILLANTE', 7, 3690),
(370, 'LAC-900-024-5', 'LACA CATALIZADA BRILLANTE', 7, 3700),
(371, 'LAC-900-024-53', 'LACA CATALIZADA BRILLANTE', 7, 3710),
(372, 'LAC-900-025-1', 'LACA CATALIZADA MATE', 7, 3720),
(373, 'LAC-900-025-4', 'LACA CATALIZADA MATE', 7, 3730),
(374, 'LAC-900-025-5', 'LACA CATALIZADA MATE', 7, 3740),
(375, 'LAC-900-035-1', 'LACA NITRO BLANCA BRILLANTE', 7, 3750),
(376, 'LAC-900-035-4', 'LACA NITRO BLANCA BRILLANTE', 7, 3760),
(377, 'LAC-900-035-5', 'LACA NITRO BLANCA BRILLANTE', 7, 3770),
(378, 'LAC-900-035-53', 'LACA NITRO BLANCA BRILLANTE', 7, 3780),
(379, 'POL-900-036-1', 'POLIURETANO BRILLANTE', 7, 3790),
(380, 'POL-900-036-4', 'POLIURETANO BRILLANTE', 7, 3800),
(381, 'POL-900-037-1', 'POLIURETANO SATINADO', 7, 3810),
(382, 'POL-900-037-4', 'POLIURETANO SATINADO', 7, 3820),
(383, 'POL-900-038-1', 'POLIURETANO MATE', 7, 3830),
(384, 'POL-900-038-4', 'POLIURETANO MATE', 7, 3840),
(385, 'POL-900-039-1', 'POLIURETANO SATINADO BICOMPONENTE', 7, 3850),
(386, 'POL-900-040-1', 'POLIURETANO MATE MONOCOMPONENTE', 7, 3860),
(387, 'CAT-900-043-4', 'CATALIZADOR PARA POLIURETANO', 7, 3870),
(388, 'DIS-PT-058-53', 'DISOLVENTE ESPECIAL', 5, 3880),
(389, 'ACT-PT-059-5', 'ACTIVADOR P/MEZCLA DE SOLVENTE \"\"T', 2, 3890),
(390, 'ACT-PT-059-53', 'ACTIVADOR PARA THINNER', 2, 3900),
(391, 'DIL-PT-063-53', 'DILUYENTE DE RESINA', 5, 3910),
(392, 'FON-PT-067-53', 'FONDO INTERFACE', 1, 3920),
(393, 'VAS-PT-077-53', 'VASSA A 100 DESHORIZADA', 2, 3930),
(394, 'THI-PT-095-1', 'THINNER ALTA TECNOLOGIA', 5, 3940),
(395, 'THI-PT-095-4', 'THINNER ALTA TECNOLOGIA', 5, 3950),
(396, 'THI-PT-095-5', 'THINNER ALTA TECNOLOGIA', 5, 3960),
(397, 'THI-PT-095-53', 'THINNER ALTA TECNOLOGIA', 5, 3970),
(398, 'THI-PT-096-1', 'THINNER LACA 2001', 5, 3980),
(399, 'THI-PT-096-2', 'THINNER LACA 2001', 5, 3990),
(400, 'THI-PT-096-4', 'THINNER LACA 2001', 5, 4000),
(401, 'THI-PT-096-5', 'THINNER LACA 2001', 5, 4010),
(402, 'THI-PT-096-53', 'THINNER LACA 2001', 5, 4020),
(403, 'SOL-PT-097-1', 'SOLVENTE 2001', 5, 4030),
(404, 'SOL-PT-097-2', 'SOLVENTE 2001', 5, 4040),
(405, 'SOL-PT-097-4', 'SOLVENTE 2001', 5, 4050),
(406, 'SOL-PT-097-5', 'SOLVENTE 2001', 5, 4060),
(407, 'SOL-PT-097-53', 'SOLVENTE 2001', 5, 4070),
(408, 'SOL-PT-098-1', 'SOLVENTE REDUCTOR', 5, 4080),
(409, 'SOL-PT-098-4', 'SOLVENTE REDUCTOR 2001', 5, 4090),
(410, 'THI-PT-103-1', 'THINNER PREMIUM', 5, 4100),
(411, 'THI-PT-103-2', 'THINNER PREMIUM', 5, 4110),
(412, 'THI-PT-103-4', 'THINNER PREMIUM', 5, 4120),
(413, 'THI-PT-103-5', 'THINNER PREMIUM', 5, 4130),
(414, 'THI-PT-103-53', 'THINNER PREMIUM', 5, 4140),
(415, 'THI-PT-123-1', 'THINNER ACRILICO 2001', 5, 4150),
(416, 'THI-PT-123-4', 'THINNER ACRILICO 2001 (1/4)', 5, 4160),
(417, 'THI-PT-123-5', 'THINNER ACRILICO 2001 (CUÑETE)', 5, 4170),
(418, 'THI-PT-123-53', 'THINNER ACRILICO 2001 (TAMBOR)', 5, 4180),
(419, 'LIM-PT-151-1', 'LIMPIADOR MULTIUSO', 4, 4190),
(420, 'LIM-PT-151-4', 'LIMPIADOR MULTIUSO', 4, 4200),
(421, 'DIS-PT-168-53', 'DISOLVENTE-R50', 5, 4210),
(422, 'DIS-PT-172-53', 'DISOLVENTE P/POLIESTER', 5, 4220),
(423, 'DIS-PT-176-5', 'DISOLVENTE PARA SELLADOR', 5, 4230),
(424, 'DIL-PT-187-53', 'DILUYENTE PARA FONDOS', 5, 4240);

-- --------------------------------------------------------

--
-- Estructura de tabla para la tabla `sessions`
--

CREATE TABLE `sessions` (
  `id` varchar(255) COLLATE utf8mb4_unicode_ci NOT NULL,
  `user_id` bigint UNSIGNED DEFAULT NULL,
  `ip_address` varchar(45) COLLATE utf8mb4_unicode_ci DEFAULT NULL,
  `user_agent` text COLLATE utf8mb4_unicode_ci,
  `payload` longtext COLLATE utf8mb4_unicode_ci NOT NULL,
  `last_activity` int NOT NULL
) ENGINE=InnoDB DEFAULT CHARSET=utf8mb4 COLLATE=utf8mb4_unicode_ci;

--
-- Volcado de datos para la tabla `sessions`
--

INSERT INTO `sessions` (`id`, `user_id`, `ip_address`, `user_agent`, `payload`, `last_activity`) VALUES
('3AZvDOZJMgRASYOTdpG8hhJsnhswbW5pmncyTSRH', NULL, '127.0.0.1', 'Mozilla/5.0 (Windows NT 10.0; Win64; x64) AppleWebKit/537.36 (KHTML, like Gecko) Chrome/131.0.0.0 Safari/537.36', 'YTozOntzOjY6Il90b2tlbiI7czo0MDoiN3pkN2NJZ1BpNUZvRUlwT2IzQ0I1UHlLN05HV2taeG9WczlyN21SdiI7czo5OiJfcHJldmlvdXMiO2E6MTp7czozOiJ1cmwiO3M6MjE6Imh0dHA6Ly8xMjcuMC4wLjE6ODAwMCI7fXM6NjoiX2ZsYXNoIjthOjI6e3M6Mzoib2xkIjthOjA6e31zOjM6Im5ldyI7YTowOnt9fX0=', 1733531580);

-- --------------------------------------------------------

--
-- Estructura de tabla para la tabla `users`
--

CREATE TABLE `users` (
  `id` bigint UNSIGNED NOT NULL,
  `name` varchar(255) COLLATE utf8mb4_unicode_ci NOT NULL,
  `email` varchar(255) COLLATE utf8mb4_unicode_ci NOT NULL,
  `email_verified_at` timestamp NULL DEFAULT NULL,
  `password` varchar(255) COLLATE utf8mb4_unicode_ci NOT NULL,
  `remember_token` varchar(100) COLLATE utf8mb4_unicode_ci DEFAULT NULL,
  `created_at` timestamp NULL DEFAULT NULL,
  `updated_at` timestamp NULL DEFAULT NULL
) ENGINE=InnoDB DEFAULT CHARSET=utf8mb4 COLLATE=utf8mb4_unicode_ci;

--
-- Índices para tablas volcadas
--

--
-- Indices de la tabla `cache`
--
ALTER TABLE `cache`
  ADD PRIMARY KEY (`key`);

--
-- Indices de la tabla `cache_locks`
--
ALTER TABLE `cache_locks`
  ADD PRIMARY KEY (`key`);

--
-- Indices de la tabla `categorias`
--
ALTER TABLE `categorias`
  ADD PRIMARY KEY (`id`);

--
-- Indices de la tabla `clientes`
--
ALTER TABLE `clientes`
  ADD PRIMARY KEY (`id`);

--
-- Indices de la tabla `failed_jobs`
--
ALTER TABLE `failed_jobs`
  ADD PRIMARY KEY (`id`),
  ADD UNIQUE KEY `failed_jobs_uuid_unique` (`uuid`);

--
-- Indices de la tabla `jobs`
--
ALTER TABLE `jobs`
  ADD PRIMARY KEY (`id`),
  ADD KEY `jobs_queue_index` (`queue`);

--
-- Indices de la tabla `job_batches`
--
ALTER TABLE `job_batches`
  ADD PRIMARY KEY (`id`);

--
-- Indices de la tabla `migrations`
--
ALTER TABLE `migrations`
  ADD PRIMARY KEY (`id`);

--
-- Indices de la tabla `password_reset_tokens`
--
ALTER TABLE `password_reset_tokens`
  ADD PRIMARY KEY (`email`);

--
-- Indices de la tabla `personal_access_tokens`
--
ALTER TABLE `personal_access_tokens`
  ADD PRIMARY KEY (`id`),
  ADD UNIQUE KEY `personal_access_tokens_token_unique` (`token`),
  ADD KEY `personal_access_tokens_tokenable_type_tokenable_id_index` (`tokenable_type`,`tokenable_id`);

--
-- Indices de la tabla `precios`
--
ALTER TABLE `precios`
  ADD PRIMARY KEY (`id`),
  ADD KEY `idproducto` (`idproducto`);

--
-- Indices de la tabla `productos`
--
ALTER TABLE `productos`
  ADD PRIMARY KEY (`id`),
  ADD UNIQUE KEY `codigo` (`codigo`),
  ADD KEY `idcategoria` (`idcategoria`);

--
-- Indices de la tabla `sessions`
--
ALTER TABLE `sessions`
  ADD PRIMARY KEY (`id`),
  ADD KEY `sessions_user_id_index` (`user_id`),
  ADD KEY `sessions_last_activity_index` (`last_activity`);

--
-- Indices de la tabla `users`
--
ALTER TABLE `users`
  ADD PRIMARY KEY (`id`),
  ADD UNIQUE KEY `users_email_unique` (`email`);

--
-- AUTO_INCREMENT de las tablas volcadas
--

--
-- AUTO_INCREMENT de la tabla `categorias`
--
ALTER TABLE `categorias`
  MODIFY `id` bigint UNSIGNED NOT NULL AUTO_INCREMENT, AUTO_INCREMENT=10;

--
-- AUTO_INCREMENT de la tabla `clientes`
--
ALTER TABLE `clientes`
  MODIFY `id` bigint UNSIGNED NOT NULL AUTO_INCREMENT, AUTO_INCREMENT=44;

--
-- AUTO_INCREMENT de la tabla `failed_jobs`
--
ALTER TABLE `failed_jobs`
  MODIFY `id` bigint UNSIGNED NOT NULL AUTO_INCREMENT;

--
-- AUTO_INCREMENT de la tabla `jobs`
--
ALTER TABLE `jobs`
  MODIFY `id` bigint UNSIGNED NOT NULL AUTO_INCREMENT;

--
-- AUTO_INCREMENT de la tabla `migrations`
--
ALTER TABLE `migrations`
  MODIFY `id` int UNSIGNED NOT NULL AUTO_INCREMENT, AUTO_INCREMENT=5;

--
-- AUTO_INCREMENT de la tabla `personal_access_tokens`
--
ALTER TABLE `personal_access_tokens`
  MODIFY `id` bigint UNSIGNED NOT NULL AUTO_INCREMENT;

--
-- AUTO_INCREMENT de la tabla `precios`
--
ALTER TABLE `precios`
  MODIFY `id` bigint UNSIGNED NOT NULL AUTO_INCREMENT, AUTO_INCREMENT=425;

--
-- AUTO_INCREMENT de la tabla `productos`
--
ALTER TABLE `productos`
  MODIFY `id` bigint UNSIGNED NOT NULL AUTO_INCREMENT, AUTO_INCREMENT=425;

--
-- AUTO_INCREMENT de la tabla `users`
--
ALTER TABLE `users`
  MODIFY `id` bigint UNSIGNED NOT NULL AUTO_INCREMENT;

--
-- Restricciones para tablas volcadas
--

--
-- Filtros para la tabla `productos`
--
ALTER TABLE `productos`
  ADD CONSTRAINT `productos_ibfk_1` FOREIGN KEY (`idcategoria`) REFERENCES `categorias` (`id`) ON DELETE RESTRICT ON UPDATE RESTRICT;
COMMIT;

/*!40101 SET CHARACTER_SET_CLIENT=@OLD_CHARACTER_SET_CLIENT */;
/*!40101 SET CHARACTER_SET_RESULTS=@OLD_CHARACTER_SET_RESULTS */;
/*!40101 SET COLLATION_CONNECTION=@OLD_COLLATION_CONNECTION */;
